﻿,제목,주소,조회수,좋아요,싫어요,댓글수,본문내용
0,[Ep 67] 전 세계 게 섰거라 (feat. 외교부),/watch?v=yUJAvW2Rykc,"1,381,698",42000,749,"6,838",K-펭귄 한다 해외진출
1,[Ep.66]  화보 모델 펭수,/watch?v=XUM3sH1kBtw,"1,583,971",46000,455,"7,678",펭수가 화보 모델로서 촬영을 하게 되었다!화보 촬영을 위한 펭수의 눈물(?) 나는 노력!그리고 현직 모델에게 직접 받는 모델 포즈까지!
2,펭수와 팬들의 최강 컬래버레이션 신상뮤비 (feat. 챌린지♡),/watch?v=LPmyxMH96S8,"604,376",29000,135,"3,921",힙합펭수의 커버영상이 드. 디. 어. 찾아왔다!월미도에서 촬영했던 미공개 영상과 여러분이 함께 만들어준 이번 신상뮤비 공개챌린지에 참여해준 모든 분들 펭러뷰~♡잊지말자 월미도 우리가 함께한 시간여러분이 저를 위해 함께해주는 시간 모두
3,[Ep.65] 세상에 나쁜 펭귄은 없다.,/watch?v=wedLGh2jxkQ,"1,975,593",50000,548,"6,974",어느 날 갑자기 펭수에게 이상한 행동들이 보인다!? 걱정된 제작진들이 긴급 솔루션 대책 마련에 나섰다!세상에 나쁜 펭귄은 없다!========================= 칠판옆 '꿈을 이루기 위한 7가지 충고 - ' 저자 김효석'=========================
4,수험생은 지금 당장 이 영상을 봅니다 (feat. 정승제쌤),/watch?v=25RhzK3HuYM,"651,078",20000,135,"2,760",내일 모레 엄청 큰 시험을 앞둔여러분들을 위해 이 영상을 바칩니당 펭펭
5,1회 남극 유치원 동창회 시작합니다(Feat. 둘리 선배님 등장),/watch?v=E5f4pRIycsU,"1,434,286",38000,432,"5,447",펭수가 똑이 범이 둘리 선배님과 동창회 겸 단풍놀이에 떠납니다.남극 친구들과의 동창회에서 떠나는 즐거운 시간들 시잡합니다
6,윤도현 선배님과 S본부에서 만남(feat. 우리 호흡 난리남),/watch?v=2biW2UZBvVA,"1,422,179",38000,382,"4,461",SBS에 내레이션 하러 갔다가윤도현 선배님의 비타민 됐음(뿌듯)
7,펭수의 매니저 사관학교(feat.매니저스) 펭! 하!,/watch?v=R2Oro64h5aM,"896,282",24000,195,"3,959",매니저에 적응 중인 2기 매니저스펭수 사관학교를 통해 진정한 매니저로 거듭나보자펭! 하!
8,[Ep.62] 인간x펭귄 두근두근 첫 데이트,/watch?v=iJF3R-5V2pU,"754,018",27000,131,"4,972",펭수에게도 핑크빛이?! (feat.펭수 열애설)
9,"펭수, 드디어 실버버튼 받다! (feat. 날개로 하는 언박싱은 처음이지?)",/watch?v=Ja6O9CSzwuk,"1,054,731",35000,276,"5,101",자랑하고 싶어서 입이 근질근질했는데이제 대놓고 자랑해도 돼?
10,"[Ep.61] 나 펭수, 학교에 잠입한다.",/watch?v=ThzyHA0LHvI,"691,551",21000,126,"3,669",고3들아 기다려라! 펭수가 간다!
11,(공) 행운의 펭수 카드 탄생 비화 (개),/watch?v=SlDD1ipgqjs,"331,980",13000,57,"2,520",이거 보고 내일 61화 보면 더 꿀잼
12,"[Ep.60] 펭수, EBS 퇴사??? SBS 정복기(2)",/watch?v=ze1wbV20qAU,"1,459,418",26000,353,"4,055",펭수를 S 본부로 초대한 셀럽의 정체가 드러났다..!S 본부의 특급 셀럽 배성재가 직접 펭수의 자질을 확인하고 모종의 거래까지..?
13,이제야 공개하는 추억의 10만 라이브 (feat. 깔끔진행 펭MC),/watch?v=1QNlKu67cwo,"589,358",21000,125,"2,952",우리 친구들을 위해일요일 밤에 올립니댯 펭펭
14,[Ep.59] 펭수vs재재 관심사냥 대결! SBS 정복기(1),/watch?v=5fqCbkIvJuE,"912,899",21000,245,"2,760",SBS의 셀럽을 자초한 누군가가 초대장을 보내왔다!펭수의 SBS 정복기 1편 (feat. 재재)
15,맨날 친구 만나러 간다는 펭수의 비밀?! [펭귄극장EP3_스타는 외로워],/watch?v=sxVKJXb3cp0,"813,763",25000,159,"5,060",펭수는 구독자 여러분들이 있어서하나도 외롭지 않습니다!
16,"[Ep.58]한류 펭귄 펭수, 해외진출합니다 -프랑스편-",/watch?v=5OFDUu8UOvY,"731,205",17000,162,"2,768",펭수가 드디어 해외진출을?!???펭수 친구 엘로디의 프랑스 진출 꿀팁 대방출!!펭수는 프랑스 진출에 성공할 수 있을까??
17,추억의 5만 구독자 축하 라이브 (feat. 트렌치코트 언박싱),/watch?v=KTk8Bu4DRHk,"420,798",14000,84,"2,172",이 영광을구독자 여러분들께 돌립니당
18,"[단독] 펭귄 의혹 전격 해부! ㅣ독점 인터뷰: 김민교, 양치승 [Ep.57]",/watch?v=UD-WQvgjsng,"2,282,765",44000,797,"7,473",펭수가 펭귄이 아니다?!?!?  펭수를 둘러싼 정체에 대한 의혹낱낱이 파헤쳐 보겠습니다 펭펭!!
19,펭수의 진짜 나이는 몇살? [펭귄극장EP2_내 나이가 어때서],/watch?v=Qj2DYNju4Qo,"1,192,594",31000,265,"5,715",펭수 당근 10살 맞거든용?(당근을 흔든다)
20,자이언트 펭TV 방송시간 변경 안내,/watch?v=tz_-lCADsbw,"185,450",6500,23,"1,095","목요일 20시30분 전주재방금요일 20시 30분 본방 연속 2편일요일 12시30분 전주재방, 본방재방 총 4편""생방송 톡!톡! 보니하니"" 인서트 18시 10분경 전주재방 2편자주 만나도 자주 사랑해주세여"
21,[Ep.56] '펭TV 야유회'라고 쓰고 '지옥'이라 읽는다,/watch?v=pv84Qcu9DOQ,"1,562,875",28000,395,"3,003",놀이공원에 놀러온 펭TV팀.앞으로 펼쳐질 고난과 역경을 예상하지 못한 채마냥 즐거워(?)하는데... *뮤비챌린지 이벤트의 전말*
22,F/W 신상 타이틀곡 뮤직비디오 챌린지,/watch?v=ri5XpIgmoG8,"205,838",6300,25,809,"■자이언트 펭TV 타이틀곡 가사워-오- 자이언트 펭TV워-오- 자이언트 펭TV아아 놀랐다면 미안 이런 펭귄 처음이지 자이언트 펭~펭~에~(SOO) 남극에선 혼자였지 남과 다른 덩치 원래 그래 특별하면 외로운 별이 되지 한국에선 노는 게 제일 좋은 펭귄 뿌르르? 삐리리? 암튼 스타라며 노는 건 내가 제일인데 한 번 볼래 아 구걸하려던 건 아냐 자이언트 펭TV 음 그래도 구독하면 내가 잘할게 난 너의 평생 친구 자이언트 펭수 워-오- 자이언트 펭TV워-오- 자이언트 펭TV난 하나뿐인 210cm자이언트 펭귄 크리에이터 펭 펭!Yo, 자이언트 펭TV, Let's 구독"
23,[Ep.55] 교감 선생님 풀장에 빠뜨린 SSUL,/watch?v=A3_UpfZ1-pE,"528,890",13000,134,"2,889",펭수가 동수초등학교에서 혁신을 일으킨다는데.. 과연 어떤 혁신들을 준비했을까?
24,펭수가 갑자기 뱀에 물렸다 (feat. 도와줘요119),/watch?v=V4Jh4lNDFfk,"328,152",12000,47,"1,922",여러분들의 안전은 펭수한테 맡겨!
25,우리 펭수가 눈물이 많아졌어요 [펭귄극장EP1_펭귄의 눈물],/watch?v=AkNQlVM4DrU,"811,194",25000,141,"4,194",펭수가 눈물이 많아진 이유아무에게도 말 못할 속사정지금 공개합니다
26,[Ep.54] 펭슈스가 엄선한 수학여행 옷 추천,/watch?v=WpfexQQkmP4,"548,842",13000,95,"2,069",수학여행의 최대 난제 ! 수학여행 패션을 펭슈스가 직접 집도(?) 한다! 그리고 특별 게스트 임휘순 패션멘토와 함께하는 패션대결까지!
27,[Ep.53] 펭수.한다.소방관.,/watch?v=7SKjzUC77xg,"831,569",19000,183,"2,599","펭수가 시민을 위해 일일 소방관으로 임명이 되었다! 심폐소생술, 화재진압그리고 들어온 긴급신고로 말벌집 제거 출동까지 하는 펭수의 기상천외한 일일 소방 활약!"
28,펭수가 무대를 뒤집어 놓으셨다...! (a.k.a. 준비된 EBS 연습생),/watch?v=yj_lTuH9qds,"437,350",14000,69,"2,283",나 펭수...언제나 준비된 EBS 연습생뮤직 큐
29,EBS 옥상에서 뚝딱이 선배님을 만났다 (feat. 역대급 깜짝손님),/watch?v=yN7wrzXtIWM,"1,744,755",36000,363,"6,503",E육대 끝나고 EBS 옥상에서뚝딱이 선배님 마주침;
30,[펭수쇼2부] 펭수의 찰떡장르 최초공개![Ep.52],/watch?v=33nLNnZrBhE,"490,831",12000,85,"2,243","펭수쇼의 나머지 공연 발라드,락,힙합 공연이 시작됩니다"
31,[펭수쇼 1부] 당신의 펭수를 선택해주세요![Ep.51],/watch?v=vlqaa_YxxBE,"556,099",14000,104,"1,545","펭수가 드디어 공연을 한다! 트로트, 발라드, 락, 힙합 펭수에게 어울리는 장르는 ?!!"
32,[직캠_힙합] 펭수 - 기리보이/눈 Feat.매니저 (COVER)투표마감(선공개),/watch?v=8eIsC_9hXy0,"576,409",13000,142,"1,553",펭수가 랩을 합니다.강현준 - 눈(Prod.기리보이) 입니다. 푸쳐핸섭!!힙합이 좋은 분들은 투표해주세요!!! :)
33,[직캠_발라드] 펭수X뚝딱이 - 아이유&임슬옹/잔소리 (COVER) 투표마감(선공개),/watch?v=JgfXjuxnrYM,"357,439",9000,39,"1,146",펭수X뚝딱이가 아이유X임슬옹 - 잔소리를 불렀습니다!!발라드 맞습니다ㅎㅎ 잔소리 직캠 풀영상!
34,EBS 최초 연습생 펭수의 오디션 합격 TIP *최초공개*,/watch?v=K_5lal40lCk,"3,211,652",49000,839,"3,125",내가 어떻게 EBS 연습생 됐는지 궁금하지?부끄럽지만 오디션 영상 공개할게다들 참고바람!
35,[직캠_트로트] 펭수 - 설운도/삼바의 여인(COVER) 투표마감(선공개),/watch?v=zWGdwGfzgnY,"313,329",7800,45,931,[직캠_트로트] 펭수 - 설운도/삼바의 여인(COVER)풀버전 영상입니다!
36,[직캠_락] 펭수 - Queen_We Will Rock You (COVER) 투표마감(선공개),/watch?v=I2nxlDdbY0U,"234,717",6200,24,797,펭수쇼 펭수 직캠영상!! 풀영상입니다!Queen-We Will Rock You (퀸 - 위 윌 락 유) 입니다.투표마감
37,EBS 연습생 펭수의 남극참치 헌정곡 (feat. 요새 핫한 그 참치송!!!!),/watch?v=S9RTFPo58tI,"676,367",18000,101,827,펭수도 남극에 있는 참치가 생각나서그냥 지나칠 수가 없었어싱크로율 어때?
38,"[Ep.48] ""난 서울대 안 갈 건데ㅎ"" 어른들에게 반박해보았다 -명절 잔소리 반대 시위-",/watch?v=LwSxAUzH3GE,"355,062",10000,63,660,"""반에서 몇 등이니?"" 잔소리하면 벌금이 xxxxxxx원이라고?명절 잔소리 유형 + 벌금 뿌셔!"
39,[ep.47] 펭수의 떡집 체험,/watch?v=CJQ5u-RTYys,"494,010",15000,124,932,공포의 효도펭귄 특집! 어르신분들 괜찮아요..?
40,나의 ㄷㅅ을 소개합니다 (feat. EBS 로비에서 컷팅식??),/watch?v=V5oME0lJBio,"309,272",9700,56,554,친구들 펭하!이번에 펭수 EBS 로비에서 컷팅식 했어펭수는 실물이 낫지만 한번 보러 놀러와
41,EP.46 펭수와 구독자 의리테스트!!!!!,/watch?v=x1FfhGkdeiM,"550,312",13000,232,996,펭수와 구독자 의리테스트!! 펭수가 내 눈에만 보인다면?!?!?!????
42,EP.45 매니저가 도망갔다?!???,/watch?v=QpZHvVyV-wc,"1,393,301",23000,300,"1,923",매니저 그만 두겠습니다.지금까지 사랑해주셔서 감사합니다.
43,흥삼선배님하고 뜬금없는 스피드게임 한 썰!,/watch?v=VeMfUxAWuuw,"103,734",3400,27,162,펭수 1인미디어 페스티벌 간거 알지?거기서 흥삼선배님이랑스피드게임 한 썰 푼다!
44,"[Ep.44] 펭수, 드디어 ㄱㅁㅈ을 만났다",/watch?v=TckHOovKE2I,"2,139,816",35000,450,"2,397",1인미디어 페스티벌에 참가한 펭수! 여러 크리에이터들을 만나보았다. 과연 펭수의 인지도는 얼마나 될까?#김명중#섭이는못말려 #진용진 #춤추는곰돌
45,[Ep.43]EBS 복지 클라쓰 전격 공개! [힐링 선물 3종세트],/watch?v=80cyxKBcYXA,"1,591,193",28000,385,"2,361",펭수가 제작진을 위해 준비한게 있다는데..! 이거 좋아해야돼? 말아야돼...? 나라면 펭수 케어 받는다? 안받는다?
46,뜻밖에 힐링되는 저세상 ASMR (feat. 담양특산물 담양빗),/watch?v=9z_LJTXN2Z0,"390,875",17000,50,"1,823",밤늦게까지 잠 못드는 친구들을 위해펭수가 저세상 ASMR 준비해봤어어디 부분이 젤 좋았는 지 말해줘!다음에도 참고해보지
47,[EP.42] 재벌 펭귄이 도서관에 있는 책 몽땅 일시불로 긁은 썰.SSUL,/watch?v=ZH6w_a7u4KU,"859,367",14000,216,"1,508",#펭수#때문에#법인카드#잔고가#텅텅
48,[Ep.41] 본격 남과 북의 대결! 너네 북극곰과 펭귄이 싸우면 누가 이기는지 알아?,/watch?v=FRm8yHtX2Zg,"1,270,825",18000,484,"1,366",남극과 북극을 대표하는 두 극지동물이 일산에서 만났다! 그리고 싸웠다?! 과연 승자는????
49,"펭수의 겨울왕국 Let it go 커버 (feat. 혹독한 여름을 보낸 펭귄의 한풀이) Frozen OST ""Let It Go"" Covered by a Giant Penguin",/watch?v=9eQ0nrVnSeg,"808,117",21000,331,"1,885",친구들 펭하이번 여름 너무 더웠지?유독 혹독한 여름을 보낸 펭수의 한풀이 커버곡이야
50,언박싱하는 펭귄은 처음일걸?! 감동의 선물 언박싱 현장!!,/watch?v=snCxxQCyYk0,"644,353",18000,165,807,"펭수 얼마전에 사인회 한거 알지?친구들이 카트 가득 선물을 줬는데,같이 언박싱 해보는 영상 (기대기대)"
51,※경축※ 세계최초로 펭귄이 팬싸를 열었다고?! (feat. 교보 꽉 채움),/watch?v=mVekiQ-eYzQ,"612,915",17000,149,"1,515",#우리#펭수#출세했네#연습생주제에남극에 있는 고향 마을에는 현수막도 걸렸다던데..?
52,"[EP.39-광복절] EBS의 펭귄은 인간에게 역사를 가르칩니다! 펭수, 1타 강사 되다!",/watch?v=5ZCJdUpMW3Q,"371,923",8400,68,464,#남극에서#물건너온#교육법
53,낚시편 펭수와 매니저의 비하인드 스토리가 있다!!,/watch?v=UQ5Ue8DOwLQ,"286,284",8300,52,468,펭하! 민물낚시는 처음이야!그래서 퀴즈를 맞추면서 공부해봤는데어때 보러올테야?
54,[EP.38] 세상에 나쁜 공룡은 없다! 우리집 공룡은 안물어요! 겁먹지 마세요~!,/watch?v=OYOui0asg3A,"924,317",18000,284,"1,765",펭수x점박이시간과 종을 초월한 특별 콜라보!!
55,[V-log] 펭수 낚시 브이로그 (@Yangpyeong),/watch?v=32xKH57rIPE,"515,238",13000,118,"1,124",오늘의 자이언트 펭TV는 조금 더 특별합니다.여러분도 펭수와 함께 힐링 여행을 떠나보세요.
56,[수능 D-100] 10살이 수능 문제를 풀어보았다. 펭수의 수능모의고사 도전!,/watch?v=WVYCAsrj6F8,"438,463",9500,92,618,2020 수능 D-100을 맞아 펭수의 수능 꿀팁 독점 공개!수험생 선배님들..! 끝까지 봐주세여 펭펭🐧
57,펭수가 분노의 병뚜껑 챌린지를 하게된 사연! (feat. 슈퍼콘),/watch?v=Fw-N1QtXG8A,"330,032",9800,50,440,저번에 펭수가 슈퍼콘 챌린지에 참여한거 봤지?대망의 결과 확인을 친구들하고 함께 하는 영상그리고 펭수가 분노에 찬 이유는?친구들은 슈퍼콘 VS 병뚜껑 뭐가 더 잘한거 같아?펭수의 챌린지는 To...be...컨티뉴...
58,"""니가 왜 내 머리를 감겨...?"" 미용실 거대 펭귄 몰래카메라ㅋㅋㅋ [자이언트 펭TV EP.36]",/watch?v=XieSma2vtxo,"641,008",13000,155,"1,375",꿀잼보장. 미용실에 염색하러 갔는데 거대펭귄이 나타난다면?
59,(납량특집) EBS 펭귄 귀신 이야기 들어봄? 지하에서 말 조심해야 하는 이유! [EP.35],/watch?v=wOIGs1zGvlo,"1,429,764",24000,638,"2,876","이번 편은 혼자 보지 마. 무서우니까..""납량특집 자이언트 펭 TV"""
60,PENG-SOO 펭수 '자이언트 펭TV(Giant Peng TV Opening)' M/V (Director's cut),/watch?v=MlcNCcxdciM,"304,326",12000,54,746,"PENG-SOO(펭수) ""Giant Peng TV Opening"" M/V(Director's cut)"
61,어이없는데 자꾸 보게 되는 펭수 아이컨택 영상,/watch?v=m37XVm9t-aw,"309,381",24000,72,"5,621",날씨가 꾸덕꾸덕한 여름 장마철...당신의 멘탈을 멍하게 했다가 질리게 했다가 공포에 떨게 했다가묘하게 홀릴 펭수의 아이컨택 영상펭수랑 눈싸움해서 이긴 사람...?나오면 소원 들어 줌
62,"[피지컬갤러리x펭수] 빡빡이 아저씨와 함께 하는 키 커지는 운동 “이거 좋아 정말 좋아""",/watch?v=nSR-GbLHV_4,"336,984",7900,69,399,10세 펭귄 펭수는 사실 아직 성장기입니다.올바른 자세와 적절한 운동으로 210cm 너머의 더 높은 곳을 향해 갑니다.#자세교정 #키크는운동
63,[피지컬갤러리X펭수] 빡빡이 아저씨 특제 방학용 헬린이 운동 루틴 대공개,/watch?v=JHLodScZJng,"93,437",3300,9,195,방학을 맞이하여 빡빡이 아저씨가 정성으로 준비하고펭수가 땀 한 바가지 추가한스페샬 운동 루틴 비디오를 공개합니다.#펭수가#이거찍다가#죽을뻔함
64,[피지컬갤러리X펭수] 본격 헬린이 양성 교육 방송 EBS!! (Wt.빡빡이아저씨) [EP.33],/watch?v=dWz5wwo8iFk,"1,087,683",15000,189,"1,285","본격 헬린이 양성 교육 방송 EBS!세계 최초 3대 측정하는 펭귄, 펭수!!세계 최초 펭귄 PT 해주는 빡저씨 김계란!지금까지 없었고 앞으로도 없을 충격과 공포의 대환장 콜라보!"
65,'이거 누가 써..? ' 이말년과 펭수 굿즈 만들기 [EP.31.5],/watch?v=m8RiT77rNHs,"371,031",7600,77,498,소듕한 구독자님덜을 위한 홈메이드 굿즈 제작공정 공개!
66,[펭수 Live] 토이스토리 OST - You've got a friend in me (Live Performance by a Giant Penguin 'Pengsoo'),/watch?v=mCZAqI419Tg,"448,775",23000,72,"2,670","*눈호강 귀호강 보장*무려 기타리스트를 초청해서무려 어쿠스틱 라이브로  불러본 세상에서 제일 귀여운 펭수 라이브 - 토이스토리 OST ""You've got a friend in me""  우디 복장을 찰떡같이 소화해준 기타리스트 정소리님 좌표: https://music.naver.com/musicianLeagu..."
67,'이 세상 퀄이 아니다..' 이말년 X 펭수의 저세상 굿즈 홈쇼핑! [EP.32],/watch?v=0Z54hUwIqdY,"232,030",5600,37,339,이번 생 말년처럼 보내는 EBS 연습생 펭수와 침착맨 이말년의 콜라보!
68,'자꾸 교육방송 선 넘는' 이말년(침착맨)과 펭수(EBS 연습생)의 짤방 폭격! [EP.31],/watch?v=S9q4BorGg0I,"1,549,011",22000,311,"1,369",[관전포인트] EBS 농간에 넘어간 이말년 삭발 공약
69,[프로듀스 X 펭수] 당신의 펭귄에게 투표하세요! @자기소개_1분 PR,/watch?v=myfNqeY0v78,"174,595",9900,8,486,#PRODUCE#PENGSOO#당신의#펭귄에게#투표하세요10살 펭귄 펭수는 바리...아니 연습생입니다.
70,"펭수, [손흥민 슈퍼콘 댄스] 싱크로 100% 도전!",/watch?v=7yeqAGOeZQg,"299,878",9300,25,557,"나 펭수 사실 고백할 게 있는데,남극에서부터 손흥민 선수 팬이었어.그래서 순수한 펭심... 아니 팬심으로 #슈퍼콘댄스챌린지 참여해봤음. 세상에 손흥민 덕후는 많겠지만 펭귄 덕후는 나 하나 아닐까?손흥민 친필 사인 유니폼 갖고 싶어. 응원해줘."
71,연기과는 마피아게임을 더 잘할까? [펭수x고양예고 연기과 마피아게임],/watch?v=78FiC4-Od00,"602,876",11000,196,448,지난 고양예고편에서 미처 나가지 못했던★펭수x고양예고 마피아게임 분량 공개★시민vs.마피아 숨 막히는(?) 추리 대결!펭수는 결국 바닥을 치며 뒹구는데...  과연 무슨 일이?
72,[EP.30]인싸 게임 대회는 계속된다! 일등미디어 vs 중학생 인싸 전지영 & 김다윤 vs 일산초 펭수 & 근원,/watch?v=BVVK7baxyjU,"192,465",3300,58,232,#홍삼게임#훈민정음게임#탁구공굴리기야구는 9회말 2아웃부터인싸게임대회는 2라운드부터(아마도?)
73,[인싸게임대회] 들어는 봤나? 펭수 게임,/watch?v=RWxy8ve8EN8,"234,336",4400,53,334,#펭수게임#바보게임#베스킨라빈스31너희는 이 게임 알아? 펭수는 알아 :)
74,[펭수쇼] 고양예고 선배님들이 직접 밝히는 예고 라이프의 모든 것,/watch?v=giRI-A2rVx4,"97,944",2900,14,150,펭수가 고양예고 가서 펭수 진로만 탐색했겠어?친구들을 위한 핫한 정보도 가지고 왔지!'앨렌쇼' 아니고 '펭수쇼'에서 직접 고양예고의 각 과 선배님들을 모시고 구독자들이 궁금해하는 것들에 대해서 이야기를 나눠봤으니..특히 예술계 진학을 꿈꾸고 있는 친구들은 주목!
75,예술고 학생은 아크로바틱과 발레를 배운다고?! (feat. 고양예고) [EP.28],/watch?v=ngTMsnUODa4,"812,469",15000,184,950,이어지는 펭수의 '연기과/문예창작과/무용과' 적성 검사!
76,"예술천재 펭수, 고양예고 테스트 도전! 음악과 미술과 뿌셔! [EP.27]",/watch?v=NjS52lUjHDU,"1,528,316",24000,341,"1,391","인성..아니 펭성 빼고 다 타고난 펭수.예술적인 바이브 뿜뿜하며 음악과, 미술과 실기시험 도전하는데!"
77,진짜 성우 쓰복만과 '마법소녀물 더빙 대결'을 해봤다(feat. 플라워링 하트) [EP.26],/watch?v=ku3IevTQuVY,"393,227",10000,70,"1,143","""쿡... 진..0r.己i.제.법.구ㅑ.6ㅕ.운.girlº..☆ººº""다 된 마법소녀물에 펭수 뿌리기;;; 펭수의 직업체험 - 성우편 두 번째 이야기!"
78,"[EP.25] 펭수X쓰복만! 피, 땀, 눈물의 성우 수업 현장",/watch?v=OBObGmcxnno,"842,319",18000,140,"1,748",#쓰복만#성우님을#전적으로#믿으셔야합니다펭수의 직업체험 1탄! EBS 성우이자 유명 크리에이터 쓰복만 김보민 성우님을 만나봤습니다!!쓰앵님 이렇게만 하면 성우가 될 수 있는거 맞나요??
79,엽떡vs.닭발? 연애? 친구관계? 펭수가 세상의 고민을 부숴드립니다! [펭수의 얼어죽을 고민상담소],/watch?v=-OTfr5u1NHU,"738,012",23000,182,"1,763",날씨도 더운데 고민 때문에 더 답답한 여러분을 위해펭수가 고민상담소를 열었습니다.고민을 
80,EP.24 드디어 논란 종결! 매니저는 과연 머머리가 될 것인가?,/watch?v=_hUoW6v7I_4,"682,357",15000,186,"1,123",많은 분들이 궁금해 하셨던 매니저 모발의 생존여부..... 드디어 결론이 났습니다!#머머리와#삭발은#다른겁니다
81,이말년 핸드메이드! 펭수 굿즈 판매 라이브 (feat. 침착맨),/watch?v=NOzjIYgq7ik,"101,279",2400,18,176,"펭수와 이말년이 만든 세 가지 굿즈!특별한 조건을 충족한 구독자들과 전화 연결 후보내주게 되었는데...펭수 헤드셋, 일코용 양면모자, 파티션의 주인은 누구?"
82,EP.23 펭TV에 드디어 그녀들이 떴다! 펭수의 걸그룹 도전기 2탄!,/watch?v=8H6n_meu4sQ,"522,296",8600,97,452,걸그룹에 도전한 펭수 덕분에 매니저도 아이돌을 만날 수 있었습니다#걸그룹#아이돌#SIS
83,펭수 걸그룹 데뷔?! 실제 오디션 현장 공개!,/watch?v=pDwVZwUTJxE,"847,513",13000,223,836,"#인생은#실전이야오디션 합격, 차~암 쉽죠? (찡긋)"
84,[EP.21] 이것이 바로 아이돌 연습생의 실체다! 유명 기획사 연습생들의 은밀한 이야기!!,/watch?v=D71RP_g3rK8,"365,446",6600,89,376,아이돌이 되고싶어? 연습생이 궁금해? 유명 기획사 연습생들과 함께 파헤치는 연습생 A to Z!! 펭수의 연습생 회담 지금 시작합니다
85,"""졸사 찍을 때 왜 눈을 감아..?"" 졸업사진 공감 유형!(feat.김다윤 슨배림) [EP.20]",/watch?v=VZH5xd_WnHk,"235,360",6900,83,512,"졸사 시즌이 다가왔다!눈 감는 애, 화장 진한 애.. 꼭 있는 거 RGRG??틱톡스타 김다윤과 함께한 펭수의 '졸업사진 공감' 이번 편도 대유잼~"
86,"""삭발 VS 국토대장정"" 구독자 만 명 내기! 카운트다운 LIVE [EP.19]",/watch?v=jzvvMwqfMuM,"455,509",12000,98,"1,055",국회의사당에 펭수가 나타난 이유?!구독자 만 명 달성을 위한 현장 홍보 때문!과연 펭수는 두 시간 안에 구독자 만 명을 달성할 수 있을까?
87,"[EP.17] 펭수, 어벤져스 무기 5종 세트 만들다. 단돈 천원에 모십니다! (ft. 다이소)",/watch?v=q4Fva6tuWdU,"480,408",11000,124,"1,015",어*져스가 그렇게 재밌다며? 그렇다면 펭수가 그냥 지나칠 수 없지!펭수와 함께 하는 D.I.Y 히어로 변신세트 만들기!이것만 있으면 너희도 히어로가 될 수 있다고!!
88,[세계 최초 펭귄 ASMR] 펭수 만 명 돌파 기념! 펭수의 은밀한 털소리 공개,/watch?v=uBlGkcww5Fs,"528,862",22000,101,"2,467","♥리슨 케어풀리♥머랭쿠키, 감자과자는 물론 펭수의 은밀한 털소리까지..펭수의 ASMR 도전기!☆☆☆☆☆아.낌.없.이.들.려.줄.게.☆☆☆☆☆"
89,펭수를 위해 모인 EBS 히어로즈 '자이언트 펭TV' 티저(2),/watch?v=equODuwRhl4,"153,063",3400,27,139,"(영) 펭수 광고계 접수!! (광)이 영광을 번개맨 슨배릠, 보니하니 슨배릠, 하하 슨배릠...께 돌립니다."
90,EBS 슈스 펭수 광고계 데뷔?! '자이언트 펭TV' 티저(1),/watch?v=tRyx4WhBYiw,"132,494",4500,16,154,니 열두쨜 청년인데 동년배들 다 펭수 본다!!!!!
91,"펭수, 눈물의 첫 라이브 방송 (full 편집 버전)",/watch?v=r9jdn3gaU5s,"214,402",6700,47,634,한강편에서 보셨던 라이브 방송 풀 버전을 준비했습니다.Q&A / 펭수 미션 주기 / (펭귄 문제 아니고) 펭수 문제까지알차고 알찬 소통의 시간이었어요.라이브 방송 참여자가 40명을 넘어서 펭수는 산을 타지 않았고기쁨의 눈물을 흘렸다는... 앞으로도 자주 소통해요! 펭펭!
92,갑.분.연..? 연 날리다가 연예인 만나다. 펭수는 힐링 한강 휴가ing [EP.16],/watch?v=gChC_91Xxbk,"665,690",21000,138,"1,193",~펭 수 의 난 지 공 원 순 방~한강에 나타난 펭수 팬덤과의 축구 한마당!공도 차고 연도 날리며 인생의 꿀을 맛보다가 최애 연예인을 발견했다고?
93,펭수의 댓글읽기 두 번째 이야기 (feat. 근원),/watch?v=RW2sNp1B_Ds,"214,475",5800,28,414,구독자 8000 돌파 기념! 숨겨 놨던 근원이와 펭수의 수줍은 댓글읽기 미공개 영상!오로지 유튜브에서만! 지금 독점 공개합니다!
94,"펭수, 한강 수영 라이브?! 10살 펭수는 남극이 그리워요 [EP.15]",/watch?v=rAoGeGusHds,"564,371",13000,221,"1,016","구독자 5,000명을 달성한 펭수의 첫 휴가지는 한강공원!매니저와 텐트도 치고 주먹밥도 만들어 먹었다.이젠 뭐 하고 놀지? 한강 수영! 헤엄 쳐서 어디로 가려는 거야 펭수"
95,"펭수, 해외 진출 준비? 펭수의 귀염 터지는 외국어송",/watch?v=2QlYHyD1eVA,"198,796",5800,119,494,야너두해외 진출할 수 있어
96,"[이벤트] 몰아보기 하면서 배꼽 잡고, 선물도 잡으세요",/watch?v=BwLNQPakrF8,"109,221",4100,13,211,"펭하- 여러분들의 성원에 힘입어자이언트펭TV가 특별편성이 되었습니다18일, 25일 토요일 10시-12시에EBS 1TV에서 몰아보기를 할 수 있습니다몰아보기 본방사수를 하고 인증샷을 공식 홈페이지 게시판에 올려주시는 분들께 추첨을 통해 펭수 기념품(스티커, 티셔츠 등)을 드립니다많은 참여 바랍니다."
97,[EP.14] 민속촌에서 배운 숨멎 고백법 (ft. 펭수에게 좋아하는 사람이 생겼다),/watch?v=yq-UWduZunc,"845,613",12000,229,691,10살이고! '펭귄인' 펭수에게 '좋아하는' '사람'이 생겼다고?! 나이와 종을 초월한 펭수의 비밀스런 러브레터!!
98,"[EP.13] ※소름주의※ _""그러니까 초딩은 건드리지 말았어야지!""_민속촌에서 펭수 멘붕 온 썰.txt",/watch?v=8mVOs1ijml0,"930,912",18000,161,"1,028","평소와 같이 사람들의 관심을 탐하는 펭수, 오늘은 SNS서 핫하다는 한국민속촌을 습격!.....하려했지만오히려 열성 팬들에게 습격을 당하고 마는데....""그러니까 초딩은 건드리지 말았어야지!"""
99,"오늘은 펭수가 매니저 일 다한다고요. 아.시.겠.어.요? ""펭수, 매니저 되다!"" [EP.12]",/watch?v=0G1S_EXmKMA,"1,032,035",19000,211,"1,469","매니저의 매니저가 된 펭수! 출근길 셔틀카트(?)는 물론화장실 휴지 배달 서비스까지!""펭치만.. 이렇게라도 하지 않으면 매니저 날 바라봐주지 않는걸.."""
100,"뜻밖의 팬미팅? 금손 성덕 파티, 제1회 펭수 표현하기 대회 [EP.11]",/watch?v=D6RANSwSGsk,"963,621",18000,424,"1,297","금손도, 똥손도 위아더 월드. ""제1회 펭수 표현하기 대회""그림은 물론 미디어 아트까지;; 펭수 덕질 안해도 잘 사실 것 같은금손 펭님들의 예술적인 파티!"
101,"[홍대 댄스배틀] EBS 펭귄 ""펭수"" VS 스트릿 댄서 ""쿠마""",/watch?v=81xgDxgCm9Y,"238,962",7800,45,626,EBS 데뷔조 펭수의 소름 돋는 댄스 버스킹!2:20 펭수 바디뭅 실화?*안내사항: 실수로 매니저가 영상을 지워버려서 다시 올립니다.*
102,연습생이라면 버스킹은 해봐야지! 거대 펭귄 홍대 습격사건! [EP.10],/watch?v=6019qmgaEqE,"507,441",12000,92,794,"연습생이라면 버스킹은 해봐야지! 펭수 홍대가다!!음악으로 하나가 되는 인간과 펭귄, 한국과 남극!지금까지 이런 버스킹은 없었다! 이곳은 홍대인가 알프스인가...!#확실한건#남극은#아님"
103,EBS 지하 소품실에 펭귄이 산다고?! 펭수의 은밀한 사생활 드디어 대.공.개! [EP.09],/watch?v=pNeIhWlUegg,"695,716",16000,242,"1,164","펭수의 홈 스윗 홈은 지하 소품실?! EBS 직원 복지 실화냐...침실공개부터 하드 트레이닝과 회의, 편집까지!!스페셜 게스트와 함께하는 펭수의 은밀한 사생활 대공개!!기대하 show show show~"
104,"펭수의 오열파티T.T  ""펭수VS뽀로로"" 최종화 [EP-08] (2)",/watch?v=SlE2obDknfA,"704,123",12000,205,"1,162",(눈물주의) ~ 뽀로로 VS 펭수 - 엔드게임 ~진짜 펭귄 겨루기 후반전! 그리고 오열하는 뽀로로와 펭수 ㅠ.ㅠ#매니저도오열
105,뽀로로는 펭귄이 아니라고?! 펭귄 전문가 등장! [EP-08] (1),/watch?v=-mpxZhhRTsk,"497,519",7700,172,635,뽀로로는 펭귄이 아니라는 것이 학계의 정설(?)와중에 뽀로로 놀리는 펭수 펭성 실화..? #출생의비밀
106,"오랬더니 진짜 왔다??! 펭수VS뽀로로, 배틀 스타트! [EP.07-2]",/watch?v=jBw4SQ3Iuto,"956,793",14000,455,"1,815",4월 23일 펭귄의 날! 이를 대표할 진ㅉr 펭귄은 뽀로로?? 펭수?? #핑구아니야 #국산펭귄사랑
107,"우주 전쟁의 서막? 펭수, 중대 발표!!!(feat. 초특급 게스트) [EP.07-1]",/watch?v=Z59AWTiWvuA,"229,912",5400,24,494,"참치 비린내 나는 전쟁의 서막, 갑자기 전투신청 날리는 펭수!펭귄의 날 특집(feat.뽀로로) (1)#펭수vs뽀로로 #뽀로로vs펭수 #누굴먼저써야해ㅡㅡ"
108,펭수 구독자 3천 돌파 기념 댓글 읽기,/watch?v=tpWSxSp2TlA,"398,646",11000,60,985,펭수는 여러분이 올려주시는 댓글 하나 하나 다~ 보고 있답니다.앞으로도 소통하는 펭수 될게요!댓글 많이 많이 올려주세요~!
109,시민들의 벚꽃놀이 인생샷 대방출 [EP.06-2] (자이언트 펭TV),/watch?v=UPs8t8AmmqQ,"340,026",8800,43,505,217cm 217cm 펭수도 다리가 길어 보이고 싶다고요!펭수에게 시민들이 전하는 인생샷 꿀팁 대방출!펭수에게 시민들이 전하는 인생샷 꿀팁 대방출!
110,"벚꽃이 초면인 관종 펭귄, 인생샷 건지러 가다! [EP.06-1]",/watch?v=-QU-X6r8XbY,"481,001",11000,80,658,~ 피 드 백 천 사 펭 수 ~펭수 프로필 사진이 무섭다는 댓글이 있길래.매니저 끌고 벚꽃 화보 촬영 다녀왔쟈나~♪#펭뜌는기여오 #얼굴장인 #세젤귀 #니얼굴말고ㅎ
111,"펭수 VS 흔한남매 두 번째! 피도 눈물도 없는 펭수, 결국 에이미를 울리다?! [EP.05-2]",/watch?v=iJ4M8T_iuhU,"571,429",12000,287,720,계속해서 이어지는 펭수와 흔한남매의 대결! 피도 눈물도 없는 펭수의 강력함 앞에 위기를 맞은 흔한남매의 운명은?!
112,드디어 공개 된 비책! 펭수 vs 흔한남매 첫번째 크리에이터력 대결 [EP.05-1],/watch?v=O98-i0xDcoc,"451,758",9600,257,381,드디어 시작 된 펭수와 흔한남매의 크리에이터력 대결!!하지만 아무리 으뜸이 노력해도 펭수의 눈에는 OO만 보이는데....
113,거대 펭귄의 눈물 젖은 샌드위치 먹방! 펭수 흔한남매 만나다(2) [EP.04-2],/watch?v=iV8j2ZsOYzE,"292,398",5000,68,261,흔한남매와 함께하는 크리에이터 체험!유*브를 지배하는 펭귄 크리에이터의 길은 험난하구나..!
114,어디선가 100만 구독자의 냄새가 난다! 펭수 두 번째 스승 흔한남매 만나다!(1) [EP.04-1],/watch?v=FSYsJeLc7po,"310,650",7100,69,461,전지영 스승님의 도움으로 [혜성]처럼 [전진]하는 펭수의 앞에 나타난 흔한남매! 두번째 스승님과 함께 인기 크리에이터의 길을 향해 나아가자!
115,전지영 스승님....펭수도 '인싸'이더가 되고싶어요!! [EP.03-2],/watch?v=H_Xxd1ojJSo,"305,838",7100,55,393,전지영 스승님의 특강은 계속된다!하지만 펭수에겐 수업이 쉽지만은 않은데....선생님 농구가....아니 춤이 추고 싶어요..!
116,특단의 조치?! 관종 펭귄 SNS 스타 전지영을 만나다! [EP.03-1],/watch?v=ZWczOdyGOno,"470,869",11000,155,583,"구독자를 더 끌어모으기 위해 특별한 스승님을 찾아나선 펭수,첫번째 스승 전지영 스승님과 함께 온라인 '인싸'이더가 되기 위한 날개짓이 시작된다!"
117,[매니저직캠] 거대 펭귄의 소름돋는 요들송 라이브,/watch?v=u34zfKyfrC0,"486,891",18000,42,685,"펭-하! 펭수 매니저입니다.이번엔 펭수님께서 요들송 버스킹에 도전했는데요.잘 부르는 건지 모르.. 아, 이게 아니지.. 천상의 목소리임이 틀림없네요^^!"
118,"""2m 10cm 전학생  VS 교장선생님?"" 펭수, 교장실 급습! [EP.02]",/watch?v=2gg1QKk7fjw,"603,726",14000,149,"1,236",(공지) 채널 이름은 팬ㅌ..아니고 자이언트 '펭TV'입니다. 발음 주의.깜짝 인기에 기세등등한 펭수! 친구들의 소원을 들어주기 위해교장실을 급습하고 맙니다.옆에 있던 매니저는 펭수가 교장 선생님께 반모 신청할까 심장이 오지게 떨렸다는 후문-▦펭수 구독자 꿀팁: 딜을 할 때에는 일단 높게 부르는 것이 좋습니다.
119,"""관종 펭귄, 초등학교 습격?"" 펭수, 학교 가다! [EP.01]",/watch?v=M-52pdhp-ao,"977,852",23000,328,"1,652","""평화로운 5학년 교실에 자이언트 펭귄이 나타났다! ""포스트 뽀로로가 되기 위해 남극에서 헤엄쳐온 펭수,일산초 초딩들의 덕심을 사로잡을 수 있을까? ◍EBS의 연습생 '펭수' 데뷔 에피소드! ヾ(●’∀’●)ﾉ"
120,관종 펭귄 '펭수' EBS 데뷔 D-3!! teaser.2 [자이언트 펭TV],/watch?v=ErO16Y9sE8Q,"392,650",8200,39,213,☆우리 펭수 꽃길만 걸어☆펭수 EBS 데뷔 D-3 실화?![자이언트 펭TV] EBS 1tv 4월 2일 18시 45분 첫 방송!
121,"'EBS 연습생 펭귄, 방송국 점거??' [자이언트 펭TV] teaser.1",/watch?v=4vkzT47_Vdg,"470,780",8800,43,215,"[펭수 데뷔 D-6]210cm 자이언트 펭귄 '펭수' 매니저예요.펭수 연습생님의 회사 정복 영상을 소소하게 만들어봤어요^_^[자이언트 펭TV] EBS 1tv 4월 2일, 18시 45분 첫 방송!~우리 펭수 데뷔 방송 잊지 말아주라규! ~"
122,[펭TV] EBS 연습생 펭수 유튜브 데뷔💜 머랭쿠키 먹방,/watch?v=XeH_8w4AWS4,"620,935",12000,82,731,안녕하세요. 펭수 팬 여러분 펭수예요.유튜브 첫 영상으로 머랭쿠키 먹방 찍어봤어요.지나치게 단 건 몸에 좋지 않아요. 명심해요.펭수 팬 여러분 사랑해요♡
